n_bump,A_fixed,k,r_squared
08,0.7,0.30109340159662845,0.9882499915662428
