n_bump,A_fixed,k,r_squared
06,0.7,0.5320576869909404,0.9906047299035341
