n_bump,A_fixed,k,r_squared
10,0.7,0.4367421543026785,0.9800371763629008
